player,year,overall_pick,games,points,total_rebounds,assists,successScore
Rhyne Howard,2022,1,34.0,16.2,4.5,2.8,0.5289950958927833
NaLyssa Smith,2022,2,32.0,13.5,7.9,1.4,0.5246333860439282
Shakira Austin,2022,3,36.0,8.7,6.5,0.9,0.38254954454838047
Emily Engstler,2022,4,35.0,5.2,5.2,1.5,0.3197766224916606
Nyara Sabally,2022,5,0.0,0.0,0.0,0.0,0.0
Lexie Hull,2022,6,26.0,3.8,1.5,0.7,0.17200352313510842
Veronica Burton,2022,7,36.0,2.6,1.5,1.9,0.21382562828822818
Mya Hollingshed,2022,8,0.0,0.0,0.0,0.0,0.0
Rae Burrell,2022,9,3.0,1.7,1.0,0.3,0.13200854837160397
Queen Egbo,2022,10,33.0,7.2,6.3,0.9,0.36380784176570724
Kierstan Bell,2022,11,21.0,1.3,0.9,0.3,0.08093691192610855
Nia Clouden,2022,12,28.0,2.1,0.8,0.8,0.12221061241205759
Khayla Pointer,2022,13,10.0,2.2,0.8,0.2,0.08093968419489068
Christyn Williams,2022,14,0.0,0.0,0.0,0.0,0.0
Naz Hillmon,2022,15,34.0,4.4,5.1,1.2,0.3096401981062903
Kianna Smith,2022,16,11.0,2.6,0.8,0.5,0.12025290699514517
Elissa Cunane,2022,17,3.0,0.7,1.7,0.0,0.06164508494444184
Lorela Cubaj,2022,18,11.0,0.7,2.1,0.4,0.11177752023722409
Olivia Nelson-Ododa,2022,19,30.0,4.0,2.9,0.4,0.20463206720358093
Destanni Henderson,2022,20,36.0,5.3,1.6,2.5,0.26756567453122015
Evina Westbrook,2022,21,20.0,2.8,1.0,1.2,0.15062055248594336
Kayla Jones,2022,22,0.0,0.0,0.0,0.0,0.0
Aisha Sheppard,2022,23,23.0,1.5,0.6,0.3,0.08784920123813664
Jordan Lewis,2022,24,0.0,0.0,0.0,0.0,0.0
Meshya Williams-Holliday,2022,25,0.0,0.0,0.0,0.0,0.0
Maya Dodson,2022,26,0.0,0.0,0.0,0.0,0.0
Amy Atwell,2022,27,4.0,0.8,0.5,0.5,0.08072619061446591
Hannah Sjerven,2022,28,3.0,0.0,0.0,0.0,0.018325549041041438
Sika Koné,2022,29,0.0,0.0,0.0,0.0,0.0
Jasmine Dickey,2022,30,20.0,1.1,0.6,0.1,0.06009852831306246
Jazz Bond,2022,31,0.0,0.0,0.0,0.0,0.0
Macee Williams,2022,32,0.0,0.0,0.0,0.0,0.0
Jade Melbourne,2022,33,0.0,0.0,0.0,0.0,0.0
Ali Patberg,2022,34,0.0,0.0,0.0,0.0,0.0
Faustine Aifuwa,2022,35,0.0,0.0,0.0,0.0,0.0
Kiara Smith,2022,36,0.0,0.0,0.0,0.0,0.0
Charli Collier,2021,1,45.0,2.9,2.5,0.2,0.15534835852619527
Awak Kuier,2021,2,49.0,2.6,2.5,0.8,0.18348119954982434
Aari McDonald,2021,3,66.0,8.9,2.0,2.3,0.3402650033299796
Kysre Gondrezick,2021,4,19.0,1.9,1.0,0.9,0.12540139422196747
Chelsea Dungee,2021,5,14.0,0.6,0.2,0.1,0.0443638202392337
Michaela Onyenwere,2021,6,66.0,6.6,2.5,0.5,0.25654883448867066
Jasmine Walker,2021,7,34.0,1.5,1.4,0.2,0.11243132765740338
Shyla Heal,2021,8,4.0,2.0,0.8,0.8,0.1066094710313276
Rennia Davis,2021,9,8.0,1.3,1.0,0.1,0.0701288880670207
Stephanie Watts,2021,10,6.0,2.5,3.7,0.5,0.19805286927360718
Aaliyah Wilson,2021,11,14.0,1.1,0.9,0.6,0.10120554421799435
Iliana Rupert,2021,12,17.0,3.8,2.3,0.9,0.19301631816033937
Dana Evans,2021,13,62.0,3.8,0.6,1.1,0.1603037462624919
Destiny Slocum,2021,14,24.0,1.5,1.0,0.7,0.10674939962343606
Raquel Carrera Quintana,2021,15,0.0,0.0,0.0,0.0,0.0
Natasha Mack,2021,16,4.0,1.5,1.0,0.0,0.06250239815691754
DiDi Richards,2021,17,45.0,2.3,1.3,1.0,0.15898792769436287
Kiana Williams,2021,18,14.0,0.6,0.4,0.5,0.06056666501350705
Unique Thompson,2021,19,0.0,0.0,0.0,0.0,0.0
DiJonai Carrington,2021,20,60.0,5.2,2.6,0.8,0.2310692114016882
Micaela Kelly,2021,21,0.0,0.0,0.0,0.0,0.0
Arella Guirantes,2021,22,25.0,3.2,1.3,0.6,0.1517190033033079
N'dea Jones,2021,23,0.0,0.0,0.0,0.0,0.0
Trinity Baptiste,2021,24,0.0,0.0,0.0,0.0,0.0
Valerie Higgins,2021,25,0.0,0.0,0.0,0.0,0.0
Chelsey Perry,2021,26,6.0,2.2,1.0,0.3,0.09185962941815358
Lindsey Pulliam,2021,27,0.0,0.0,0.0,0.0,0.0
Ivana Raca,2021,28,0.0,0.0,0.0,0.0,0.0
Marine Fauthoux,2021,29,0.0,0.0,0.0,0.0,0.0
Aleah Goodman,2021,30,1.0,0.0,0.0,1.0,0.047938924171657946
Florencia Chagas,2021,31,0.0,0.0,0.0,0.0,0.0
Ciera Johnson,2021,32,0.0,0.0,0.0,0.0,0.0
Maya Caldwell,2021,33,9.0,10.9,2.4,2.2,0.3633146618480444
Aina Ayuso,2021,34,0.0,0.0,0.0,0.0,0.0
Natalie Kucowski,2021,35,0.0,0.0,0.0,0.0,0.0
Kionna Jeter,2021,36,0.0,0.0,0.0,0.0,0.0
Sabrina Ionescu,2020,1,69.0,15.0,6.3,6.1,0.6636706196847307
Satou Sabally,2020,2,44.0,12.5,6.3,2.5,0.48847545313012863
Lauren Cox,2020,3,40.0,3.0,3.1,0.8,0.20117448694129889
Chennedy Carter,2020,4,51.0,12.7,1.9,2.7,0.3854932533572814
Bella Alarie,2020,5,53.0,2.6,3.1,0.5,0.20011824516062107
Mikiah Herbert Harrigan,2020,6,22.0,3.6,2.2,0.3,0.1587145252073348
Tyasha Harris,2020,7,88.0,5.2,1.2,2.7,0.285290672473989
Ruthy Hebard,2020,8,76.0,4.7,3.4,0.6,0.24019716233001107
Megan Walker,2020,9,59.0,3.9,1.3,0.6,0.17610338171928724
Jocelyn Willoughby,2020,10,33.0,4.8,2.2,0.7,0.2129644691750568
Kitija Laksa,2020,11,0.0,0.0,0.0,0.0,0.0
Jazmine Jones,2020,12,55.0,6.9,2.7,1.4,0.28130206723000695
Kylee Shook,2020,13,50.0,5.0,3.5,1.0,0.2667931425955872
Kathleen Doyle,2020,14,18.0,1.5,0.8,1.1,0.12021280896339456
Leaonna Odom,2020,15,40.0,4.4,1.8,0.6,0.20888934038378254
Crystal Dangerfield,2020,16,85.0,8.9,2.0,2.9,0.37883139867566545
Brittany Brewer,2020,17,5.0,0.8,1.0,0.0,0.06805442041668101
Te'a Cooper,2020,18,51.0,8.2,1.5,1.6,0.2933216217114799
Joyner Holmes,2020,19,50.0,2.4,1.8,0.6,0.14479456603361712
Beatrice Mompremier,2020,20,74.0,2.0,2.8,0.2,0.15799286142324995
Luisa Geiselsoder,2020,21,0.0,0.0,0.0,0.0,0.0
Leonie Fiebich,2020,22,0.0,0.0,0.0,0.0,0.0
Kaila Charles,2020,23,52.0,4.7,2.7,1.0,0.24589512662680274
Jaylyn Agnew,2020,24,12.0,1.3,0.4,0.3,0.06820575089367412
Mikayla Pivec,2020,25,0.0,0.0,0.0,0.0,0.0
Erica Ogwumike,2020,26,0.0,0.0,0.0,0.0,0.0
Kobi Thornton,2020,27,0.0,0.0,0.0,0.0,0.0
Kamiah Smalls,2020,28,10.0,3.1,1.3,2.0,0.1983602500290225
Stella Johnson,2020,29,15.0,3.9,1.0,0.9,0.14142104187035404
Japreece Dean,2020,30,0.0,0.0,0.0,0.0,0.0
Haley Gorecki,2020,31,3.0,0.0,0.7,0.0,0.026847574565948808
Kiah Gillespie,2020,32,0.0,0.0,0.0,0.0,0.0
Lauren Manis,2020,33,0.0,0.0,0.0,0.0,0.0
Tynice Martin,2020,34,0.0,0.0,0.0,0.0,0.0
Juicy Landrum,2020,35,0.0,0.0,0.0,0.0,0.0
Sug Sutton,2020,36,12.0,2.8,0.7,1.0,0.13049155687136407
Jackie Young,2019,1,122.0,11.5,4.0,3.7,0.5133884529935125
AD Durr,2019,2,43.0,8.1,1.4,1.4,0.2791708814554884
Teaira McCowan,2019,3,121.0,10.8,8.3,0.7,0.46668184562180953
Katie Lou Samuelson,2019,4,101.0,6.5,2.6,1.4,0.31423718821271385
Arike Ogunbowale,2019,5,117.0,19.8,2.9,3.4,0.5826471049334154
Napheesa Collier,2019,6,89.0,14.6,7.0,2.9,0.5977751550513152
Kalani Brown,2019,7,39.0,4.5,2.8,0.4,0.19275337236879517
Alanna Smith,2019,8,64.0,3.0,2.4,0.7,0.18175969192479463
Kristine Anigwe,2019,9,64.0,3.0,2.5,0.3,0.16995018950187105
Kiara Leslie,2019,10,28.0,4.6,2.8,0.8,0.23953067966185326
Brianna Turner,2019,11,118.0,5.7,7.3,1.6,0.4522368030080868
Ezi Magbegor,2019,12,85.0,7.8,4.2,0.9,0.32519652165384055
Sophie Cunningham,2019,13,111.0,6.5,2.3,1.1,0.29325020398699075
Han Xu,2019,14,50.0,6.5,2.6,0.6,0.23090999799592807
Chloe Jackson,2019,15,8.0,0.6,0.8,0.5,0.06320275154590396
Jessica Shepard,2019,16,64.0,5.7,5.8,2.6,0.39123197080409494
Megan Gustafson,2019,17,79.0,3.2,2.3,0.3,0.16667135635477934
Natisha Hiedeman,2019,18,110.0,7.1,1.8,2.3,0.327281736685351
Marina Mabrey,2019,19,116.0,10.4,3.0,2.5,0.40278805922195426
Cierra Dillard,2019,20,0.0,0.0,0.0,0.0,0.0
Bridget Carleton,2019,21,98.0,4.7,2.4,1.4,0.2792833362555541
Kennedy Burke,2019,22,92.0,4.9,1.5,0.7,0.20848142662881236
Maite Cazorla,2019,23,31.0,3.0,0.7,1.6,0.19177767510570848
Anriel Howard,2019,24,3.0,1.7,1.0,0.0,0.07680812919423954
Paris Kea,2019,25,22.0,4.8,1.2,1.0,0.16845929887226857
Megan Huff,2019,26,7.0,0.0,0.6,0.1,0.030945478242790887
Maria Conde,2019,27,0.0,0.0,0.0,0.0,0.0
Caliya Robinson,2019,28,0.0,0.0,0.0,0.0,0.0
Morgan Bertsch,2019,29,0.0,0.0,0.0,0.0,0.0
Kenisha Bell,2019,30,3.0,0.0,0.3,0.3,0.03757348924410721
Ángela Salvadores,2019,31,0.0,0.0,0.0,0.0,0.0
Arica Carter,2019,32,6.0,0.3,0.0,0.2,0.03413999164570565
Regan Magarity,2019,33,0.0,0.0,0.0,0.0,0.0
Sam Fuehring,2019,34,0.0,0.0,0.0,0.0,0.0
Li Yueru,2019,35,16.0,1.8,1.5,0.1,0.08628859213547106
Macy Miller,2019,36,0.0,0.0,0.0,0.0,0.0
A'ja Wilson,2018,1,149.0,19.1,8.4,2.3,0.6564746985764576
Kelsey Mitchell,2018,2,153.0,15.9,2.0,3.0,0.5088576273742583
Diamond DeShields,2018,3,143.0,13.2,4.2,2.2,0.4862074170819078
Gabby Williams,2018,4,125.0,7.0,3.9,2.2,0.38628135940851543
Jordin Canada,2018,5,144.0,7.7,2.1,4.4,0.4336961901922649
Azura Stevens,2018,6,121.0,9.0,4.4,1.0,0.3721068701933539
Ariel Atkins,2018,7,150.0,13.4,2.8,2.3,0.4696614790026297
Victoria Vivians,2018,8,106.0,8.3,3.2,1.6,0.37390283760238757
Lexie Brown,2018,9,123.0,5.4,1.5,1.5,0.27081800058518163
Kia Nurse,2018,10,121.0,11.0,2.8,2.0,0.41943245432562737
Maria Vadeeva,2018,11,40.0,5.2,2.8,0.5,0.1926504149399906
Marie Gulich,2018,12,66.0,2.5,1.9,0.4,0.14900634598197096
Jaime Nared,2018,13,32.0,2.5,1.4,0.4,0.12765449529436412
Stephanie Mavunga,2018,14,59.0,2.5,2.5,0.2,0.15047136927277754
Monique Billings,2018,15,137.0,6.2,6.0,0.8,0.3662557200705438
Kristy Wallace,2018,16,29.0,6.6,2.3,2.2,0.3085147989435265
JiSu Park,2018,17,82.0,1.9,2.2,0.7,0.16958930414332807
Loryn Goodwin,2018,18,0.0,0.0,0.0,0.0,0.0
Myisha Hines-Allen,2018,19,125.0,8.5,5.0,1.6,0.38054298427021693
Tyler Scaife,2018,20,0.0,0.0,0.0,0.0,0.0
Raisa Musina,2018,21,0.0,0.0,0.0,0.0,0.0
Mercedes Russell,2018,22,115.0,5.2,4.4,0.9,0.3134308494702299
Shakayla Thomas,2018,23,0.0,0.0,0.0,0.0,0.0
Kahlia Lawrence,2018,24,0.0,0.0,0.0,0.0,0.0
Raigyne Louis,2018,25,2.0,3.0,2.0,0.5,0.1467328790893192
Imani Wright,2018,26,1.0,0.0,0.0,0.0,0.006108516347013813
Mackenzie Engram,2018,27,0.0,0.0,0.0,0.0,0.0
Amarah Coleman,2018,28,0.0,0.0,0.0,0.0,0.0
Teana Muldrow,2018,29,4.0,0.0,0.3,0.0,0.02075824347427533
Natalie Butler,2018,30,0.0,0.0,0.0,0.0,0.0
Rebecca Greenwell,2018,31,0.0,0.0,0.0,0.0,0.0
Jill Barta,2018,32,0.0,0.0,0.0,0.0,0.0
Mikayla Cowling,2018,33,0.0,0.0,0.0,0.0,0.0
Leslie Robinson,2018,34,0.0,0.0,0.0,0.0,0.0
Julia Reisingerová,2018,35,0.0,0.0,0.0,0.0,0.0
Carlie Wagner,2018,36,0.0,0.0,0.0,0.0,0.0
Kelsey Plum,2017,1,158.0,12.4,2.5,3.9,0.4997429625640469
Alaina Coates,2017,2,83.0,3.0,2.8,0.3,0.1803188871150711
Evelyn Akhator,2017,3,15.0,0.9,0.6,0.0,0.0499154307454871
Allisha Gray,2017,4,180.0,11.7,4.2,2.0,0.48907811523333733
Nia Coffey,2017,5,146.0,5.1,3.0,0.6,0.272792830031654
Shatori Walker-Kimbrough,2017,6,153.0,6.0,1.4,1.1,0.2694539165164227
Brittney Sykes,2017,7,182.0,11.1,3.9,2.5,0.4767471779981539
Brionna Jones,2017,8,166.0,8.7,4.1,0.8,0.3569234318536571
Tori Jankoska,2017,9,0.0,0.0,0.0,0.0,0.0
Kaela Davis,2017,10,102.0,5.5,1.8,1.4,0.26189030013819553
Sydney Wiese,2017,11,117.0,4.0,1.2,1.1,0.22921947512981147
Alexis Jones,2017,12,81.0,3.3,0.8,1.0,0.15952247839231273
Shayla Cooper,2017,13,0.0,0.0,0.0,0.0,0.0
Lindsay Allen,2017,14,114.0,3.8,1.4,2.7,0.2741700791507012
Alexis Peterson,2017,15,17.0,2.1,1.2,0.8,0.11620613450045172
Leticia Romero,2017,16,21.0,1.1,0.8,1.1,0.1080845030052168
Erica McCall,2017,17,122.0,2.9,2.8,0.3,0.2020038433195543
Jennie Simms,2017,18,37.0,2.8,1.8,0.8,0.16472252207505825
Jordan Reynolds,2017,19,0.0,0.0,0.0,0.0,0.0
Feyonda Fitzgerald,2017,20,2.0,0.0,2.0,0.5,0.07971225189776884
Chantel Osahor,2017,21,0.0,0.0,0.0,0.0,0.0
Ronni Williams,2017,22,0.0,0.0,0.0,0.0,0.0
Breanna Lewis,2017,23,19.0,0.7,0.8,0.1,0.05643623342392525
Lisa Berkani,2017,24,0.0,0.0,0.0,0.0,0.0
Schaquilla Nunn,2017,25,0.0,0.0,0.0,0.0,0.0
Saniya Chong,2017,26,38.0,2.5,0.9,1.0,0.14807583713022304
Mehryn Kraker,2017,27,0.0,0.0,0.0,0.0,0.0
Jessica January,2017,28,0.0,0.0,0.0,0.0,0.0
Alexis Prince,2017,29,22.0,2.3,1.0,0.3,0.09951483022450215
Lanay Montgomery,2017,30,7.0,0.9,0.7,0.0,0.04862125750628185
Oderah Chidom,2017,31,0.0,0.0,0.0,0.0,0.0
Adrienne Motley,2017,32,0.0,0.0,0.0,0.0,0.0
Makayla Epps,2017,33,17.0,0.6,0.2,0.4,0.04987826108011795
Kai James,2017,34,0.0,0.0,0.0,0.0,0.0
Saicha Grant-Allen,2017,35,0.0,0.0,0.0,0.0,0.0
Tahlia Tupaea,2017,36,0.0,0.0,0.0,0.0,0.0
Breanna Stewart,2016,1,183.0,20.3,8.6,2.9,0.7132359560864266
Moriah Jefferson,2016,2,140.0,9.1,2.1,3.6,0.42417303455761174
Morgan Tuck,2016,3,125.0,5.1,2.2,0.8,0.24087630426765302
Rachel Banham,2016,4,190.0,5.2,1.1,1.5,0.2613093540380206
Aerial Powers,2016,5,153.0,11.4,3.5,1.7,0.4096314474223647
Jonquel Jones,2016,6,196.0,13.6,8.3,1.6,0.5623884395347039
Kahleah Copper,2016,7,216.0,10.0,3.4,1.2,0.40037015042707746
Courtney Williams,2016,8,209.0,12.5,5.3,3.0,0.5516427342620894
Tiffany Mitchell,2016,9,209.0,9.6,2.5,1.8,0.40651005714093974
Imani McGee-Stafford,2016,10,121.0,4.4,4.2,0.6,0.26850890042085507
Bria Holmes,2016,11,136.0,6.5,2.3,1.2,0.3025957211681435
Adut Bulgak,2016,12,12.0,3.0,2.4,0.0,0.12301999444317127
Rachel Hollivay,2016,13,39.0,1.2,1.9,0.1,0.11433899703359249
Jazmon Gwathmey,2016,14,60.0,4.5,1.8,0.8,0.21706803108259648
Whitney Knight,2016,15,10.0,0.6,0.5,0.2,0.047526310895655455
Courtney Walker,2016,16,0.0,0.0,0.0,0.0,0.0
Jamie Weisner,2016,17,7.0,1.7,0.4,0.3,0.05716601551229111
Ruth Hamblin,2016,18,20.0,1.1,1.5,0.2,0.09187081805159344
Lia Galdeira,2016,19,0.0,0.0,0.0,0.0,0.0
Jillian Alleyne,2016,20,7.0,0.6,1.3,0.1,0.055753473586411785
Brene Moseley,2016,21,8.0,1.9,0.4,1.1,0.11830584325551745
Bashaara Graves,2016,22,22.0,1.4,1.2,0.3,0.08954214791894552
Brianna Butler,2016,23,0.0,0.0,0.0,0.0,0.0
Ameryst Alston,2016,24,3.0,0.7,0.7,0.3,0.03707134662018891
Brittney Martin,2016,25,0.0,0.0,0.0,0.0,0.0
Lexi Eaton Rydalch,2016,26,0.0,0.0,0.0,0.0,0.0
Aliyyah Handford,2016,27,0.0,0.0,0.0,0.0,0.0
Niya Johnson,2016,28,0.0,0.0,0.0,0.0,0.0
Talia Walton,2016,29,0.0,0.0,0.0,0.0,0.0
Shakena Richardson,2016,30,0.0,0.0,0.0,0.0,0.0
Danaejah Grant,2016,31,0.0,0.0,0.0,0.0,0.0
Nirra Fields,2016,32,4.0,0.8,0.0,0.0,0.034044945415312104
Julie Allemand,2016,33,47.0,5.6,3.0,4.5,0.4061432290115869
Jordan Jones,2016,34,0.0,0.0,0.0,0.0,0.0
Temi Fagbenle,2016,35,69.0,3.1,1.9,0.5,0.16186430620055925
Shacobia Barbee,2016,36,0.0,0.0,0.0,0.0,0.0
Jewell Loyd,2015,1,252.0,15.3,3.4,3.1,0.5698386977133729
Amanda Zahui B.,2015,2,197.0,6.2,4.0,0.7,0.3223494661431374
Kaleena Mosqueda-Lewis,2015,3,157.0,5.1,1.1,0.6,0.21706114373694332
Elizabeth Williams,2015,4,238.0,8.4,5.8,1.1,0.46523143650782384
Cheyenne Parker,2015,5,215.0,8.0,4.8,0.9,0.38366308029359375
Dearica Hamby,2015,6,242.0,9.2,5.6,1.4,0.45932888602668986
Crystal Bradford,2015,7,39.0,6.5,2.8,1.1,0.2538428377412775
Ally Malott,2015,8,47.0,2.7,1.0,0.4,0.12375224275069537
Brittany Boyd,2015,9,130.0,6.2,3.2,3.9,0.3954511438789061
Samantha Logic,2015,10,27.0,1.8,1.4,1.1,0.1621479441423792
Kiah Stokes,2015,11,202.0,4.3,5.8,0.8,0.37220872633515834
Isabelle Harrison,2015,12,167.0,8.6,4.9,1.1,0.39495696161799704
Brianna Kiesel,2015,13,57.0,3.5,0.7,1.6,0.19702376758026166
Cierra Burdick,2015,14,56.0,1.8,1.4,0.5,0.12341857552828435
Natasha Cloud,2015,15,211.0,7.3,3.0,4.9,0.5071268933978151
Reshanda Gray,2015,16,141.0,3.8,3.1,0.3,0.2229686426348881
Betnijah Laney,2015,17,166.0,8.3,3.2,2.3,0.40139539208490527
Alex Harden,2015,18,60.0,1.8,1.1,0.7,0.13972163373222415
Brittany Hrynko,2015,19,7.0,0.3,0.0,0.1,0.02338535193647983
Vicky McIntyre,2015,20,0.0,0.0,0.0,0.0,0.0
Chelsea Gardner,2015,21,0.0,0.0,0.0,0.0,0.0
Aleighsa Welch,2015,22,0.0,0.0,0.0,0.0,0.0
Amber Orrange,2015,23,0.0,0.0,0.0,0.0,0.0
Zofia Hruscakova,2015,24,0.0,0.0,0.0,0.0,0.0
Mimi Mungedi,2015,25,0.0,0.0,0.0,0.0,0.0
Nneka Enemkpali,2015,26,0.0,0.0,0.0,0.0,0.0
Laurin Mincy,2015,27,0.0,0.0,0.0,0.0,0.0
Michala Johnson,2015,28,0.0,0.0,0.0,0.0,0.0
Ariel Massengale,2015,29,0.0,0.0,0.0,0.0,0.0
Dragana Stankovic,2015,30,0.0,0.0,0.0,0.0,0.0
Andrea Hoover,2015,31,12.0,3.8,1.3,0.3,0.1596186252951489
Marica Gajic,2015,32,0.0,0.0,0.0,0.0,0.0
Nikki Moody,2015,33,0.0,0.0,0.0,0.0,0.0
Lauren Okafor,2015,34,0.0,0.0,0.0,0.0,0.0
Shae Kelley,2015,35,8.0,0.1,0.4,0.1,0.028770263726894098
Promise Amukamara,2015,36,0.0,0.0,0.0,0.0,0.0
Chiney Ogwumike,2014,1,160.0,11.8,6.7,0.9,0.4731881539621351
Odyssey Sims,2014,2,240.0,12.1,2.6,3.8,0.5338719437979812
Kayla McBride,2014,3,258.0,14.4,3.4,2.3,0.5411037194186212
Alyssa Thomas,2014,4,240.0,11.9,6.9,3.5,0.6151766444067802
Natasha Howard,2014,5,270.0,10.2,5.1,1.2,0.45392605435478195
Stefanie Dolson,2014,6,271.0,9.2,4.8,1.8,0.4720399940486254
Bria Hartley,2014,7,207.0,7.9,2.2,2.6,0.38990054247603123
Shoni Schimmel,2014,8,85.0,6.6,1.9,2.8,0.3159416793557422
Natalie Achonwa,2014,9,211.0,7.1,4.2,1.1,0.3649270074719742
Markeisha Gatling,2014,10,81.0,3.8,2.6,0.2,0.18789186504735686
Chelsea Gray,2014,11,258.0,11.9,3.0,4.7,0.5677807008179945
Tricia Liston,2014,12,0.0,0.0,0.0,0.0,0.0
Jordan Hooper,2014,13,128.0,4.5,1.8,0.3,0.2161428897758592
Tyaunna Marshall,2014,14,0.0,0.0,0.0,0.0,0.0
Asya Bussie,2014,15,0.0,0.0,0.0,0.0,0.0
Astou Ndour,2014,16,114.0,5.4,3.3,0.4,0.2526721088189551
Tiffany Bias,2014,17,54.0,1.8,0.3,0.6,0.09581744840528786
Inga Orekhova,2014,18,6.0,0.0,0.3,0.0,0.031246169540060882
Michelle Plouffe,2014,19,0.0,0.0,0.0,0.0,0.0
Cassie Harberts,2014,20,0.0,0.0,0.0,0.0,0.0
Maggie Lucas,2014,21,72.0,4.4,0.9,0.7,0.17749744205813825
Gennifer Brandon,2014,22,16.0,1.8,2.6,0.2,0.12617709665962812
Jennifer Hamson,2014,23,37.0,1.8,1.7,0.2,0.1098638091464712
Christina Foggie,2014,24,0.0,0.0,0.0,0.0,0.0
DeNesha Stallworth,2014,25,0.0,0.0,0.0,0.0,0.0
Meighan Simmons,2014,26,36.0,2.7,0.4,0.3,0.08681650315443135
Theresa Plaisance,2014,27,218.0,4.5,3.0,0.7,0.2780246918132524
Bri Kulas,2014,28,0.0,0.0,0.0,0.0,0.0
Haiden Palmer,2014,29,0.0,0.0,0.0,0.0,0.0
Carley Mijovic,2014,30,0.0,0.0,0.0,0.0,0.0
Mikaela Ruef,2014,31,0.0,0.0,0.0,0.0,0.0
Kody Burke,2014,32,0.0,0.0,0.0,0.0,0.0
Stephanie Talbot,2014,33,162.0,4.8,2.6,1.4,0.29489177857911975
Jamierra Faulkner,2014,34,131.0,6.2,1.4,3.1,0.3209860003192011
Antonita Slaughter,2014,35,0.0,0.0,0.0,0.0,0.0
Asia Taylor,2014,36,76.0,2.2,1.6,0.5,0.1383376466049909
Brittney Griner,2013,1,254.0,17.7,7.6,1.8,0.6497159214204685
Elena Delle Donne,2013,2,218.0,19.8,6.8,1.8,0.6393597773728664
Skylar Diggins-Smith,2013,3,252.0,16.7,2.9,5.0,0.6471418056350127
Tayler Hill,2013,4,145.0,8.9,1.7,1.7,0.33743842671810753
Kelsey Bone,2013,5,168.0,8.1,4.6,1.2,0.38094347724364336
Tianna Hawkins,2013,6,257.0,5.8,3.1,0.6,0.30732594487751286
Toni Young,2013,7,39.0,3.5,1.6,0.4,0.1491894576843683
Kayla Alexander,2013,8,203.0,4.0,2.8,0.3,0.24365416060636172
Layshia Clarendon,2013,9,239.0,7.6,2.7,3.2,0.436739899793945
A'dia Mathies,2013,10,30.0,2.3,0.7,0.8,0.12455900123593655
Kelly Faris,2013,11,112.0,2.1,1.6,0.7,0.18061068576563813
Lindsey Moore,2013,12,35.0,1.0,0.6,1.1,0.10553975937985252
Alex Bentley,2013,13,222.0,10.6,1.7,2.9,0.4453446306205352
Sugar Rodgers,2013,14,247.0,7.0,2.5,1.6,0.35854232312928247
Kamiko Williams,2013,15,34.0,2.6,2.1,0.9,0.1841268321264346
Davellyn Whyte,2013,16,31.0,4.2,1.8,1.7,0.22273956018948282
Nadirah McKenith,2013,17,38.0,2.5,1.1,0.9,0.13414157597488327
Chelsea Poppens,2013,18,8.0,1.1,2.1,0.1,0.10501664621112101
Emma Meesseman,2013,19,238.0,11.5,5.3,2.6,0.5327528788791406
Diandra Tchatchouang,2013,20,0.0,0.0,0.0,0.0,0.0
Jasmine Hassell,2013,21,24.0,1.7,0.8,0.4,0.0972764078574615
Brittany Chambers,2013,22,0.0,0.0,0.0,0.0,0.0
Anna Prins,2013,23,0.0,0.0,0.0,0.0,0.0
Chucky Jeffery,2013,24,17.0,1.0,0.9,0.2,0.0666552070133791
Shenneika Smith,2013,25,0.0,0.0,0.0,0.0,0.0
Nikki Greene,2013,26,23.0,0.8,1.5,0.1,0.0840374883748771
Olcay Cakir,2013,27,0.0,0.0,0.0,0.0,0.0
Brooklyn Pope,2013,28,0.0,0.0,0.0,0.0,0.0
Angel Goodrich,2013,29,82.0,2.9,1.3,2.2,0.23592353208798178
Jasmine James,2013,30,16.0,3.1,1.4,1.8,0.187763892670978
Anne Marie Armstrong,2013,31,9.0,0.7,0.4,0.0,0.0343015938363818
Whitney Hand,2013,32,0.0,0.0,0.0,0.0,0.0
Jennifer George,2013,33,0.0,0.0,0.0,0.0,0.0
Alina Iagupova,2013,34,0.0,0.0,0.0,0.0,0.0
Andrea Smith,2013,35,0.0,0.0,0.0,0.0,0.0
Waltiea Rolle,2013,36,6.0,2.7,3.2,0.3,0.166467558647681
Nneka Ogwumike,2012,1,320.0,16.2,7.4,1.9,0.6479993542230024
Shekinna Stricklen,2012,2,311.0,7.2,2.3,0.8,0.3634795771180831
Devereaux Peters,2012,3,160.0,4.3,3.6,1.1,0.29482958044591184
Glory Johnson,2012,4,222.0,11.4,7.4,1.3,0.5360536769250445
Shenise Johnson,2012,5,205.0,8.2,3.6,1.8,0.3993774010376557
Samantha Prahalis,2012,6,41.0,8.4,2.5,3.5,0.3969170472160208
Kelley Cain,2012,7,28.0,1.2,1.5,0.1,0.09258435738582242
Natalie Novosel,2012,8,31.0,3.2,1.3,0.7,0.14702000095748055
Astan Dabo,2012,9,0.0,0.0,0.0,0.0,0.0
LaSondra Barrett,2012,10,0.0,0.0,0.0,0.0,0.0
Sasha Goodlett,2012,11,101.0,2.7,1.9,0.2,0.16505431305348967
Damiris Dantas,2012,12,202.0,7.7,4.3,1.6,0.4039473936340817
Farhiya Abdi,2012,13,52.0,2.9,1.0,0.4,0.1343632505444518
Tiffany Hayes,2012,14,277.0,13.8,3.3,2.4,0.5323589604416112
Khadijah Rushdan,2012,15,0.0,0.0,0.0,0.0,0.0
Tyra White,2012,16,0.0,0.0,0.0,0.0,0.0
Riquna Williams,2012,17,253.0,10.5,2.2,1.5,0.40553783704406215
Julie Wojta,2012,18,4.0,1.5,2.0,0.3,0.10813979904339213
Kayla Standish,2012,19,0.0,0.0,0.0,0.0,0.0
Nika Baric,2012,20,0.0,0.0,0.0,0.0,0.0
Chay Shegog,2012,21,3.0,1.0,0.7,0.0,0.04246348007552419
Keisha Hampton,2012,22,46.0,3.0,0.5,0.3,0.10621226901319461
Shey Peddy,2012,23,98.0,6.1,2.5,2.4,0.3271493929616329
C'eira Ricketts,2012,24,0.0,0.0,0.0,0.0,0.0
Vicki Baugh,2012,25,78.0,4.0,3.5,0.4,0.21959583627475904
Anjale Barrett,2012,26,0.0,0.0,0.0,0.0,0.0
Sydney Carter,2012,27,65.0,2.9,1.0,1.3,0.18629164710069296
April Sykes,2012,28,30.0,3.1,1.1,0.6,0.13108522062398356
Lynetta Kizer,2012,29,180.0,5.8,2.8,0.3,0.25979717390827395
Christine Flores,2012,30,0.0,0.0,0.0,0.0,0.0
Jacki Gemelos,2012,31,35.0,1.9,0.8,0.6,0.11601698722906542
Isabelle Yacoubou,2012,32,0.0,0.0,0.0,0.0,0.0
Amanda Johnson,2012,33,0.0,0.0,0.0,0.0,0.0
Courtney Hurt,2012,34,0.0,0.0,0.0,0.0,0.0
Briana Gilbreath-Butler,2012,35,54.0,4.2,2.9,1.1,0.26779078201885936
Katelan Redmon,2012,36,7.0,1.0,1.1,0.3,0.07838803109980406
Maya Moore,2011,1,271.0,18.4,5.9,3.3,0.6749643166418907
Liz Cambage,2011,2,167.0,15.8,7.5,1.6,0.5560076791415074
Courtney Vandersloot,2011,3,359.0,10.2,3.2,6.6,0.6527042286655296
Amber Harris,2011,4,112.0,2.7,1.8,0.5,0.16552286949669157
Jantel Lavender,2011,5,342.0,8.1,4.6,1.0,0.4377647155634407
Danielle Robinson,2011,6,327.0,9.1,2.8,4.2,0.5395671296804159
Kayla Pedersen,2011,7,184.0,3.4,3.0,1.1,0.28314628723396346
Ta'Shia Phillips,2011,8,15.0,1.5,1.3,0.1,0.07717736024333034
Jeanette Pohlen-Mavunga,2011,9,148.0,3.4,1.2,0.8,0.21049766926003777
Alex Montgomery,2011,10,216.0,4.2,3.4,1.2,0.3155615872323471
Victoria Dunlap,2011,11,31.0,2.3,1.7,0.4,0.12627435345326915
Jasmine Thomas,2011,12,358.0,9.6,2.8,3.7,0.5371495336952953
Jessica Breland,2011,13,269.0,7.1,5.9,1.4,0.44773196702456647
Felicia Chester,2011,14,4.0,0.5,2.0,0.0,0.0863148288233111
Carolyn Swords,2011,15,250.0,3.7,3.3,0.5,0.2772046619592793
Sydney Colson,2011,16,182.0,3.1,0.9,1.9,0.23725512450289213
Angie Bjorklund,2011,17,7.0,1.1,0.3,0.3,0.06362309103851671
Rachel Jarry,2011,18,27.0,1.7,0.7,0.4,0.09165912328090604
Brittany Spears,2011,19,0.0,0.0,0.0,0.0,0.0
Danielle Adams,2011,20,174.0,10.5,3.9,0.8,0.37736899217059916
Italee Lucas,2011,21,0.0,0.0,0.0,0.0,0.0
Angel Robinson,2011,22,0.0,0.0,0.0,0.0,0.0
Karima Christmas-Kelly,2011,23,243.0,7.9,3.7,1.3,0.40851823186159725
Ify Ibekwe,2011,24,9.0,0.7,0.9,0.0,0.04796388872551902
Chastity Reed,2011,25,11.0,3.5,1.9,0.7,0.17434418512781966
Kachine Alexander,2011,26,0.0,0.0,0.0,0.0,0.0
Amy Jaeschke,2011,27,0.0,0.0,0.0,0.0,0.0
Adrienne Johnson,2011,28,0.0,0.0,0.0,0.0,0.0
Elina Babkina,2011,29,0.0,0.0,0.0,0.0,0.0
Porsha Phillips,2011,30,31.0,1.8,1.9,0.3,0.12412868132988517
Tahnee Robinson,2011,31,0.0,0.0,0.0,0.0,0.0
Kelsey Bolte,2011,32,0.0,0.0,0.0,0.0,0.0
Jori Davis,2011,33,0.0,0.0,0.0,0.0,0.0
Mekia Valentine,2011,34,0.0,0.0,0.0,0.0,0.0
Sarah Krnjic,2011,35,0.0,0.0,0.0,0.0,0.0
Krystal Thomas,2011,36,176.0,3.6,4.9,0.5,0.3046809085445675
Tina Charles,2010,1,391.0,18.2,9.3,2.2,0.756191294166479
Monica Wright,2010,2,177.0,7.3,2.2,1.6,0.3329667147680805
Kelsey Griffin,2010,3,164.0,4.9,4.2,0.8,0.318530693858131
Epiphanny Prince,2010,4,305.0,11.0,2.3,2.6,0.47299103157836003
Jayne Appel-Marinelli,2010,5,219.0,4.0,6.1,1.5,0.4018733315916775
Jacinta Monroe,2010,6,21.0,1.7,1.0,0.2,0.08849926293048907
Danielle McCray,2010,7,80.0,4.6,2.0,1.1,0.22717133758004843
Andrea Riley,2010,8,73.0,4.4,0.9,1.4,0.20424171074119254
Chanel Mokango,2010,9,21.0,0.4,0.6,0.0,0.04302370575577941
Alison Lacey,2010,10,21.0,0.8,0.8,0.5,0.08637065092268738
Jene Morris,2010,11,34.0,2.6,0.7,0.4,0.11100907572337562
Bianca Thomas,2010,12,0.0,0.0,0.0,0.0,0.0
Kalana Greene,2010,13,167.0,4.3,2.5,1.2,0.2945393943941665
Jenna Smith,2010,14,0.0,0.0,0.0,0.0,0.0
Allison Hightower,2010,15,125.0,6.1,1.8,1.6,0.2996607058893227
Ashley Houts,2010,16,20.0,0.9,0.7,0.5,0.07690106441969703
Alysha Clark,2010,17,302.0,7.0,3.5,1.5,0.42370414440969945
Shanavia Dowdell,2010,18,0.0,0.0,0.0,0.0,0.0
Amanda Thompson,2010,19,28.0,1.7,2.0,0.5,0.12848129265528224
Angel Robinson,2010,20,64.0,2.6,2.6,0.4,0.17165679103527798
Brigitte Ardossi,2010,21,0.0,0.0,0.0,0.0,0.0
Tanisha Smith,2010,22,0.0,0.0,0.0,0.0,0.0
Armelie Lumanu,2010,23,0.0,0.0,0.0,0.0,0.0
Tyra Grant,2010,24,0.0,0.0,0.0,0.0,0.0
Cory Montgomery,2010,25,0.0,0.0,0.0,0.0,0.0
Gabriela Marginean,2010,26,4.0,0.5,1.0,0.3,0.05309555735784779
Johannah Leedham,2010,27,0.0,0.0,0.0,0.0,0.0
Abi Olajuwon,2010,28,22.0,1.0,0.7,0.1,0.06876020465009831
Alexis Rack,2010,29,0.0,0.0,0.0,0.0,0.0
Alexis Gray-Lawson,2010,30,46.0,4.1,1.3,1.3,0.2005668764212794
Vivian Frieson,2010,31,0.0,0.0,0.0,0.0,0.0
Rashidat Junaid,2010,32,0.0,0.0,0.0,0.0,0.0
Brittainey Raven,2010,33,23.0,1.5,0.9,0.4,0.08432183797425631
Tijana Krivacevic,2010,34,0.0,0.0,0.0,0.0,0.0
Joy Cheek,2010,35,10.0,1.8,0.6,0.1,0.0652759108033735
Nyeshia Stevenson,2010,36,0.0,0.0,0.0,0.0,0.0
Angel McCoughtry,2009,1,311.0,18.6,5.0,2.9,0.6417955003453505
Marissa Coleman,2009,2,319.0,6.7,3.1,1.3,0.3997065617100824
Kristi Toliver,2009,3,369.0,12.0,2.2,3.5,0.5543516175859555
Renee Montgomery,2009,4,364.0,9.7,1.7,3.1,0.48574007008782205
DeWanna Bonner,2009,5,422.0,14.7,6.2,2.3,0.6612121789805241
Briann January,2009,6,393.0,7.8,1.7,3.4,0.4987918826298463
Courtney Paris,2009,7,297.0,4.7,5.4,0.7,0.3712016970881836
Kia Vaughn,2009,8,386.0,5.9,4.2,0.8,0.40781647912523394
Quanitra Hollingsworth,2009,9,124.0,3.6,3.2,0.2,0.21991033237665167
Chante Black,2009,10,97.0,3.8,4.2,0.4,0.2586357420114748
Shavonte Zellous,2009,11,363.0,8.5,2.7,1.9,0.447818838411391
Ashley Walker,2009,12,25.0,1.5,1.7,0.4,0.11055992577620606
Lindsay Wisdom-Hylton,2009,13,124.0,3.2,2.4,0.6,0.207153176177466
Megan Frazee,2009,14,39.0,4.7,2.7,0.4,0.18980115501161482
Rashanda McCants,2009,15,57.0,4.8,2.1,0.9,0.22353101434985562
Danielle Gant,2009,16,0.0,0.0,0.0,0.0,0.0
Lyndra Littles,2009,17,0.0,0.0,0.0,0.0,0.0
Britany Miller,2009,18,1.0,0.0,0.0,0.0,0.04645433767266223
Christina Wirth,2009,19,21.0,1.0,0.7,0.6,0.08299052333932588
Whitney Boddie,2009,20,4.0,0.5,0.0,0.0,0.01956190286906773
Abby Waner,2009,21,0.0,0.0,0.0,0.0,0.0
Ashley Paris,2009,22,0.0,0.0,0.0,0.0,0.0
Camille LeNoir,2009,23,0.0,0.0,0.0,0.0,0.0
Jelena Milovanovic,2009,24,16.0,4.4,1.5,0.6,0.16279074115078712
Shalee Lehning,2009,25,85.0,3.1,2.3,3.8,0.337216282626626
Sonja Petrovic,2009,26,61.0,5.0,2.2,0.8,0.22589128134066452
Jessica Morrow,2009,27,0.0,0.0,0.0,0.0,0.0
Josephine Owino,2009,28,0.0,0.0,0.0,0.0,0.0
Jennifer Risper,2009,29,0.0,0.0,0.0,0.0,0.0
Emily Fox,2009,30,0.0,0.0,0.0,0.0,0.0
Sha Brooks,2009,31,0.0,0.0,0.0,0.0,0.0
Danielle Campbell,2009,32,0.0,0.0,0.0,0.0,0.0
Morgan Warburton,2009,33,0.0,0.0,0.0,0.0,0.0
Jessica Adair,2009,34,51.0,3.6,2.7,0.3,0.1743076558313423
Britney Jordan,2009,35,0.0,0.0,0.0,0.0,0.0
Alba Torrens,2009,36,0.0,0.0,0.0,0.0,0.0
Tanae Davis-Cain,2009,37,1.0,2.0,2.0,0.0,0.08392034265758375
Mara Freshour,2009,38,0.0,0.0,0.0,0.0,0.0
Candyce Bingham,2009,39,0.0,0.0,0.0,0.0,0.0
Candace Parker,2008,1,392.0,16.4,8.6,4.0,0.7704163387234326
Sylvia Fowles,2008,2,408.0,15.7,9.8,1.1,0.702766192037781
Candice Wiggins,2008,3,221.0,8.6,2.4,1.9,0.3960215693696195
Alexis Hornbuckle,2008,4,187.0,4.6,3.2,1.8,0.3391646191147902
Matee Ajavon,2008,5,323.0,6.9,1.8,1.8,0.37092793877237595
Crystal Langhorne,2008,6,406.0,10.9,6.0,1.1,0.551298276639484
Essence Carson,2008,7,367.0,7.2,2.3,1.2,0.3966402406951235
Tamera Young,2008,8,372.0,7.1,3.9,1.5,0.45007413591221307
Amber Holt,2008,9,140.0,6.9,2.9,1.8,0.3498700118750941
Laura Harper,2008,10,67.0,5.0,3.7,0.5,0.25063432041711736
Tasha Humphrey,2008,11,58.0,7.2,3.2,0.7,0.26852048667298306
Ketia Swanier,2008,12,153.0,2.5,1.4,1.7,0.22375816339743598
LaToya Sanders,2008,13,155.0,5.7,4.5,1.0,0.3331865985171588
Erlana Larkins,2008,14,247.0,5.9,5.4,1.5,0.41826747704673906
Shannon Bobbitt,2008,15,118.0,3.2,1.4,2.2,0.2533338065425912
Nicky Anosike,2008,16,139.0,8.9,6.6,1.7,0.47629165140259533
Erica White,2008,17,36.0,3.4,1.4,1.4,0.18780037280285716
Olayinka Sanni,2008,18,76.0,3.3,1.7,0.3,0.1555299350640132
Quianna Chaney,2008,19,28.0,2.4,1.0,0.9,0.1305491064918103
Lindsey Pluimer,2008,20,0.0,0.0,0.0,0.0,0.0
Chioma Nnamaka,2008,21,12.0,1.3,1.0,0.2,0.08376040345944236
Allie Quigley,2008,22,347.0,10.9,2.0,2.0,0.45757335035411717
Jolene Anderson,2008,23,24.0,4.0,2.4,1.1,0.21818209227445323
Morenike Atunrase,2008,24,33.0,2.2,1.5,0.7,0.14539728529067125
Leilani Mitchell,2008,25,398.0,6.6,2.1,3.0,0.46398613410836403
Khadijah Whittington,2008,26,25.0,2.2,1.6,0.3,0.12045452240864003
Wanisha Smith,2008,27,1.0,0.0,0.0,0.0,0.0003448275862068965
Natasha Lacy,2008,28,79.0,4.4,2.1,1.8,0.24637989755449757
Sharnee Zoll,2008,29,25.0,1.1,0.7,1.4,0.12573580813171392
Charde Houston,2008,30,206.0,8.7,3.3,1.2,0.36593484793481956
Crystal Kelly,2008,31,93.0,4.8,2.1,0.4,0.20638407039977152
Danielle Hood,2008,32,0.0,0.0,0.0,0.0,0.0
Angela Tisdale,2008,33,0.0,0.0,0.0,0.0,0.0
Krystal Vaughn,2008,34,15.0,0.8,1.0,0.0,0.06343353201362031
Alberta Auguste,2008,35,0.0,0.0,0.0,0.0,0.0
Kimberly Beck,2008,36,17.0,1.0,0.7,0.4,0.07382150030565016
Lauren Ervin,2008,37,8.0,2.0,1.6,0.0,0.09546193673733032
A'Quonesia Franklin,2008,38,36.0,1.5,1.3,1.7,0.1646038762229617
Alex Anderson,2008,39,0.0,0.0,0.0,0.0,0.0
Izabela Piekarska,2008,40,0.0,0.0,0.0,0.0,0.0
Marscilla Packer,2008,41,0.0,0.0,0.0,0.0,0.0
Val Berezhynska,2008,42,2.0,0.0,0.0,0.0,0.017980721454834543
Charel Allen,2008,43,6.0,2.7,1.0,0.5,0.11149187699435423
Lindsey Harding,2007,1,270.0,9.8,2.9,4.0,0.5354688345304606
Jessica Davenport,2007,2,174.0,6.6,3.1,0.4,0.2805264225607491
Armintie Herrington,2007,3,290.0,5.9,3.3,2.0,0.4100003865566535
Noelle Quinn,2007,4,382.0,4.8,2.6,2.3,0.4176231166041077
Tiffany Jackson-Jones,2007,5,225.0,6.2,4.5,0.9,0.36325491702828766
Bernice Mosby,2007,6,76.0,2.3,2.2,0.2,0.14766417703286855
Katie Gearlds,2007,7,87.0,4.4,1.4,0.6,0.1961836920904793
Ashley Shields,2007,8,36.0,4.5,1.0,0.6,0.15297563752809987
Alison Bales,2007,9,116.0,4.1,3.9,0.7,0.27572254229399923
Carla Thomas,2007,10,17.0,2.5,1.6,0.2,0.11070483720034408
Ivory Latta,2007,11,323.0,10.7,1.7,2.7,0.4727913569373798
Kamesha Hairston,2007,12,17.0,1.9,1.8,0.4,0.12358127900596064
Sandrine Gruda,2007,13,133.0,7.6,3.8,0.9,0.3293090616315727
Dee Davis,2007,14,3.0,2.0,0.0,0.0,0.057050155449241205
Shay Murphy,2007,15,225.0,4.7,2.4,0.7,0.2667058170507866
Shay Doron,2007,16,7.0,1.4,0.4,0.0,0.053188605661881175
Camille Little,2007,17,431.0,8.2,4.2,1.4,0.5004868764016136
Tyresa Smith,2007,18,1.0,1.0,2.0,0.0,0.09135919219123603
Megan Vogel,2007,19,0.0,0.0,0.0,0.0,0.0
Stephanie Raymond,2007,20,20.0,3.1,0.7,1.4,0.14602157920253916
Jessica Dickson,2007,21,0.0,0.0,0.0,0.0,0.0
Lyndsey Medders,2007,22,0.0,0.0,0.0,0.0,0.0
Brooke Smith,2007,23,47.0,2.2,2.1,0.3,0.13997391756608688
Kathrin Ress,2007,24,28.0,3.0,2.5,0.6,0.17988378963918775
Sidney Spencer,2007,25,144.0,4.9,1.9,0.6,0.23327453001563248
Cori Chambers,2007,26,1.0,0.0,0.0,0.0,0.006108516347013813
Jenna Rubino,2007,27,0.0,0.0,0.0,0.0,0.0
Leah Rush,2007,28,2.0,1.5,0.0,0.0,0.05005011286040799
Martina Weber,2007,29,2.0,0.0,0.5,0.0,0.022421114326680685
Nare Diawara,2007,30,0.0,0.0,0.0,0.0,0.0
Chrissy Givens,2007,31,3.0,0.7,0.0,0.7,0.048163328605542656
Gillian Goring,2007,32,21.0,2.6,2.0,0.1,0.1193550692480293
Brandie Hoskins,2007,33,0.0,0.0,0.0,0.0,0.0
Kristen Newlin,2007,34,0.0,0.0,0.0,0.0,0.0
Ashley Key,2007,35,0.0,0.0,0.0,0.0,0.0
Meg Bulger,2007,36,0.0,0.0,0.0,0.0,0.0
Emily Westerberg,2007,37,0.0,0.0,0.0,0.0,0.0
Amanda Brown,2007,38,0.0,0.0,0.0,0.0,0.0
Kiera Hardy,2007,39,0.0,0.0,0.0,0.0,0.0
Seimone Augustus,2006,1,391.0,15.4,3.1,2.3,0.5855082362685888
Cappie Pondexter,2006,2,416.0,16.4,3.7,3.8,0.672631594731792
Monique Currie,2006,3,411.0,10.3,4.1,1.8,0.5180203180076833
Sophia Young-Malcolm,2006,4,301.0,14.3,6.0,1.8,0.5991958509258093
Lisa Willis,2006,5,84.0,4.5,1.6,0.4,0.18781539996230304
Candice Dupree,2006,6,494.0,14.0,6.4,1.8,0.6703788064691516
Shona Thorburn,2006,7,24.0,0.8,0.8,0.8,0.093037829515733
Tamara James,2006,8,52.0,4.3,1.3,0.7,0.16970976970011623
La'Tangela Atkinson,2006,9,68.0,2.6,2.2,0.7,0.17972743392569912
Tye'sha Fluker,2006,10,78.0,2.4,1.6,0.3,0.14358267220776272
Barbara Turner,2006,11,97.0,6.3,2.6,1.4,0.291290892731389
Sherill Baker,2006,12,75.0,6.9,2.0,1.7,0.2812747071310976
Kim Smith,2006,13,55.0,1.9,1.0,0.5,0.12165939307163878
Scholanda Dorrell,2006,14,222.0,6.6,1.5,0.8,0.2984483148864688
Ann Strother,2006,15,41.0,2.0,0.7,0.3,0.09468296485388802
Shanna Zolman,2006,16,117.0,7.9,1.2,1.0,0.26691829292402824
Ambrosia Anderson,2006,17,4.0,0.0,1.0,0.0,0.036196695512151
Liz Moeggenberg,2006,18,50.0,1.9,1.5,0.5,0.13705576328622565
Nikki Blue,2006,19,111.0,2.7,1.3,1.6,0.20790383539790844
Jennifer Harris,2006,20,0.0,0.0,0.0,0.0,0.0
Mistie Bass,2006,21,285.0,4.6,3.1,0.7,0.3104942357274096
Willnett Crockett,2006,22,5.0,1.8,2.2,0.0,0.11161833510110793
Brooke Queenan,2006,23,12.0,0.3,0.3,0.2,0.041178668390377475
Renae Camino,2006,24,0.0,0.0,0.0,0.0,0.0
Dalila Eshe,2006,25,0.0,0.0,0.0,0.0,0.0
Kasha Terry,2006,26,41.0,3.1,2.4,0.3,0.15981082261529728
LaToya Bond,2006,27,66.0,4.0,1.2,1.5,0.2133798405850194
Debbie Merrill,2006,28,0.0,0.0,0.0,0.0,0.0
Tiffany Stansbury,2006,29,39.0,3.6,3.5,0.4,0.20220667371318268
Khara Smith,2006,30,0.0,0.0,0.0,0.0,0.0
Megan Duffy,2006,31,42.0,2.9,0.9,1.1,0.1610372882135066
Crystal Smith,2006,32,78.0,4.5,1.3,1.5,0.23716481159419223
Mariam Sy,2006,33,0.0,0.0,0.0,0.0,0.0
Kerri Gardin,2006,34,120.0,3.2,3.0,1.0,0.24743104219545495
Zane Tamane,2006,35,18.0,1.6,1.7,0.1,0.09715860087632207
Tiffany Porter-Talbert,2006,36,0.0,0.0,0.0,0.0,0.0
Christelle N'Garsanet,2006,37,15.0,1.8,1.2,0.3,0.09164561039108532
Jessica Foley,2006,38,0.0,0.0,0.0,0.0,0.0
Erin Grant,2006,39,17.0,1.5,1.1,2.2,0.1812257809811791
Marina Kuzina,2006,40,0.0,0.0,0.0,0.0,0.0
Lamisha Augustine,2006,41,0.0,0.0,0.0,0.0,0.0
Marita Payne,2006,42,0.0,0.0,0.0,0.0,0.0
Janel McCarville,2005,1,286.0,7.7,4.4,1.9,0.4446210051689815
Tan White,2005,2,320.0,8.1,2.4,1.8,0.42105035124725365
Sandora Irvin,2005,3,111.0,1.7,2.0,0.3,0.14585405636512236
Kendra Wecker,2005,4,58.0,3.7,1.8,1.0,0.19380792903286903
Sancho Lyttle,2005,5,392.0,8.9,6.6,1.5,0.540757727245994
Temeka Johnson,2005,6,327.0,8.0,2.7,4.2,0.5140087596564648
Kara Braxton,2005,7,297.0,7.6,4.7,0.9,0.39500623069098817
Katie Mattera,2005,8,150.0,6.7,4.7,0.3,0.3115040735020576
Kristin Haynie,2005,9,160.0,3.5,1.6,1.8,0.258121699711115
Loree Moore,2005,10,155.0,6.0,3.5,3.7,0.44712000543760455
Kristen Mann,2005,11,130.0,5.0,2.4,1.3,0.28563222999985677
Tanisha Wright,2005,12,457.0,7.3,2.6,3.1,0.5131074312228753
Dionnah Jackson,2005,13,0.0,0.0,0.0,0.0,0.0
Shyra Ely-Gash,2005,14,173.0,4.0,2.2,0.5,0.23173599213022275
Roneeka Hodges,2005,15,320.0,6.0,1.8,1.1,0.34557802848854935
Yolanda Paige,2005,16,13.0,1.2,0.7,1.0,0.0954762958727979
Jacqueline Batteast,2005,17,34.0,1.1,0.9,0.3,0.08748380932960935
Angelina Williams,2005,18,37.0,2.2,1.0,0.6,0.11625114469012199
Erica Taylor,2005,19,0.0,0.0,0.0,0.0,0.0
Nikita Bell,2005,20,0.0,0.0,0.0,0.0,0.0
Erin Phillips,2005,21,229.0,6.3,2.2,2.0,0.3618122777644931
Chelsea Newton,2005,22,144.0,5.1,1.8,1.6,0.296936582154566
Tabitha Pool,2005,23,0.0,0.0,0.0,0.0,0.0
Jessica Moore,2005,24,222.0,2.9,2.0,0.4,0.23414138300383525
Ashley Battle,2005,25,142.0,5.0,2.4,1.1,0.26757122644347414
DeeDee Wheeler,2005,26,0.0,0.0,0.0,0.0,0.0
Cathrine Kraayeveld,2005,27,275.0,7.0,3.7,1.1,0.40059053135315537
Jenni Dant,2005,28,0.0,0.0,0.0,0.0,0.0
Ashley Earley,2005,29,0.0,0.0,0.0,0.0,0.0
Anne O'Neil,2005,30,0.0,0.0,0.0,0.0,0.0
Jamie Carey,2005,31,105.0,3.1,0.9,1.1,0.18934282050294032
Tashia Morehead,2005,32,0.0,0.0,0.0,0.0,0.0
Jenni Lingor,2005,33,0.0,0.0,0.0,0.0,0.0
Megan Mahoney,2005,34,49.0,2.2,1.6,0.7,0.14776802311178597
Cisti Greenwalt,2005,35,5.0,0.4,1.6,0.0,0.06598379190690487
Rebecca Richman,2005,36,0.0,0.0,0.0,0.0,0.0
Monique Bivins,2005,37,0.0,0.0,0.0,0.0,0.0
Steffanie Blackmon,2005,38,0.0,0.0,0.0,0.0,0.0
Heather Schreiber,2005,39,0.0,0.0,0.0,0.0,0.0
Diana Taurasi,2004,1,503.0,19.3,3.9,4.3,0.752165277736039
Alana Beard,2004,2,420.0,11.3,3.4,2.5,0.5707554158953202
Nicole Powell,2004,3,360.0,9.5,4.1,1.6,0.4945608959166405
Lindsay Whalen,2004,4,480.0,11.5,3.8,4.9,0.6679659948139952
Shameka Christon,2004,5,317.0,9.6,2.7,1.2,0.430803988674689
Nicole Ohlde,2004,6,223.0,8.8,4.7,1.5,0.44041565779374725
Vanessa Hayden,2004,7,148.0,5.6,3.6,0.5,0.27033212222491193
Chandi Jones,2004,8,68.0,4.9,1.5,1.5,0.23655173519996567
Ebony Hoffman,2004,9,327.0,5.8,4.2,1.1,0.4042228720962697
Rebekkah Brunson,2004,10,453.0,9.2,7.4,1.1,0.576445988909327
Iciss Tillis,2004,11,67.0,2.6,1.5,0.4,0.14102039218477086
Christi Thomas,2004,12,170.0,4.6,3.7,0.6,0.285817347003304
Shereka Wright,2004,13,49.0,3.1,1.6,0.6,0.16743756818131117
Ashley Robinson,2004,14,292.0,1.9,2.5,0.5,0.2564741620677794
Kaayla Chones,2004,15,28.0,1.5,0.8,0.2,0.08601371778328379
Jessica Brungo,2004,16,49.0,1.1,0.9,0.6,0.10751082097442881
Amisha Carter,2004,17,5.0,0.2,1.2,0.0,0.05815555875535148
Kelly Mazzante,2004,18,200.0,4.7,1.6,0.9,0.2581938426134278
Trina Frierson,2004,19,5.0,1.4,1.0,0.0,0.0612856351921669
Tasha Butts,2004,20,30.0,2.5,2.1,0.8,0.1833429480850727
Cindy Dallas,2004,21,0.0,0.0,0.0,0.0,0.0
Jenni Benningfield,2004,22,10.0,0.9,0.6,0.4,0.06665256257255234
Erika Valek,2004,23,0.0,0.0,0.0,0.0,0.0
Ugo Oha,2004,24,0.0,0.0,0.0,0.0,0.0
Doneeka Lewis,2004,25,110.0,3.7,1.2,1.6,0.229203261259876
Lindsay Taylor,2004,26,5.0,0.6,0.6,0.4,0.06197275961688733
Maria Villarroel,2004,27,0.0,0.0,0.0,0.0,0.0
Evan Unrau,2004,28,0.0,0.0,0.0,0.0,0.0
Candace Futrell,2004,29,20.0,2.1,1.0,0.5,0.10464444439118278
Cathy Joens,2004,30,45.0,4.3,1.5,1.0,0.18853768260576792
Ieva Kublina,2004,31,0.0,0.0,0.0,0.0,0.0
Jennifer Smith,2004,32,2.0,0.0,0.0,0.0,0.020862565835238
Amber Jacobs,2004,33,139.0,4.4,1.3,2.1,0.2725140464793508
Toccara Williams,2004,34,26.0,2.1,1.5,1.7,0.2040015889998145
Jia Perkins,2004,35,417.0,10.6,2.9,2.0,0.5086503408243587
Nuria Martinez,2004,36,16.0,1.7,0.7,0.7,0.10444972431258828
Stacy Stephens,2004,37,7.0,0.6,1.3,0.4,0.0763717601989347
Kate Bulger,2004,38,0.0,0.0,0.0,0.0,0.0
LaToya Thomas,2003,1,150.0,9.3,3.6,1.1,0.3792591030250915
Chantelle Anderson,2003,2,124.0,4.1,2.0,0.3,0.20625879224337504
Cheryl Ford,2003,3,196.0,10.8,9.7,1.0,0.5659411225666673
Plenette Pierson,2003,4,444.0,9.6,4.1,1.5,0.5047666343962535
Kara Lawson,2003,5,377.0,9.8,2.6,2.5,0.49658089902507213
Gwen Jackson,2003,6,77.0,5.7,4.0,0.5,0.2936145652826279
Aiysha Smith,2003,7,60.0,3.7,2.2,0.4,0.19370093334687818
Jung Sun-Min,2003,8,17.0,1.8,0.6,0.1,0.07864071255235491
Jocelyn Penn,2003,9,31.0,2.9,1.7,0.5,0.14328515079796295
Molly Creamer,2003,10,0.0,0.0,0.0,0.0,0.0
Coretta Brown,2003,11,77.0,4.5,1.3,1.3,0.22614842693873372
Allison Curtin,2003,12,0.0,0.0,0.0,0.0,0.0
Courtney Coleman,2003,13,20.0,1.8,1.1,0.1,0.09103201469579005
Teresa Edwards,2003,14,68.0,5.5,2.9,3.3,0.368231245196081
Jennifer Butler,2003,15,0.0,0.0,0.0,0.0,0.0
Petra Ujhelyi,2003,16,14.0,0.3,0.9,0.2,0.06045327915886256
Erin Thorn,2003,17,283.0,4.8,1.3,1.5,0.3038937052782682
Jordan Adams,2003,18,10.0,3.3,2.3,0.4,0.1503519908681675
Lori Nero,2003,19,0.0,0.0,0.0,0.0,0.0
DeTrina White,2003,20,44.0,2.2,3.2,0.2,0.17507280877533996
Zuzana Zirkova,2003,21,6.0,1.8,0.3,0.2,0.06080445450925711
Suzy Batkovic-Brown,2003,22,49.0,5.0,2.5,0.6,0.20682960244706955
Dana Cherry,2003,23,0.0,0.0,0.0,0.0,0.0
Sonja Mallory,2003,24,6.0,1.7,1.7,0.0,0.09558653949505869
Ke-Ke Tardy,2003,25,0.0,0.0,0.0,0.0,0.0
K.B. Sharp,2003,26,178.0,2.4,0.9,1.2,0.21007261672612815
Schuye LaRue,2003,27,0.0,0.0,0.0,0.0,0.0
Syreeta Bromfield,2003,28,0.0,0.0,0.0,0.0,0.0
Carla Bennett,2003,29,0.0,0.0,0.0,0.0,0.0
Shaquala Williams,2003,30,25.0,2.0,1.3,0.8,0.13212409623945517
Telisha Quarles,2003,31,0.0,0.0,0.0,0.0,0.0
Trish Juhline,2003,32,0.0,0.0,0.0,0.0,0.0
Marion Jones,2003,33,47.0,2.6,1.3,0.5,0.13307251083787475
Lindsey Wilson,2003,34,0.0,0.0,0.0,0.0,0.0
Ashley McElhiney,2003,35,0.0,0.0,0.0,0.0,0.0
Tamara Bowie,2003,36,0.0,0.0,0.0,0.0,0.0
Chrissy Floyd,2003,37,0.0,0.0,0.0,0.0,0.0
Constance Jinks,2003,38,0.0,0.0,0.0,0.0,0.0
Nicole Kaczmarski,2003,39,0.0,0.0,0.0,0.0,0.0
Brooke Armistead,2003,40,0.0,0.0,0.0,0.0,0.0
Oxana Rakhmatulina,2003,41,0.0,0.0,0.0,0.0,0.0
Mary Jo Noon,2003,42,0.0,0.0,0.0,0.0,0.0
Sue Bird,2002,1,580.0,11.7,2.5,5.6,0.7158154031580019
Swin Cash,2002,2,479.0,10.7,5.3,2.4,0.6134413252169957
Stacey Dales,2002,3,150.0,9.2,2.2,2.7,0.4183602119264588
Asjha Jones,2002,4,368.0,10.9,4.8,1.7,0.5249704241141047
Nikki Teasley,2002,5,207.0,8.2,3.0,4.7,0.520081349587887
Tamika Williams,2002,6,219.0,6.1,5.1,1.0,0.40371800575360994
Sheila Lambert,2002,7,76.0,4.2,1.5,1.7,0.23616893472176614
Deanna Jackson,2002,8,142.0,5.8,2.6,1.0,0.2914899202433451
Shaunzinski Gortman,2002,9,77.0,2.6,1.9,0.7,0.17613206434588866
Michelle Snow,2002,10,402.0,8.4,6.2,1.1,0.5172663106781021
Danielle Crockrom,2002,11,18.0,1.6,0.7,0.1,0.06637579784156351
Hamchetou Maiga-Ba,2002,12,275.0,5.3,2.4,1.1,0.32445812469875157
Tawana McDonald,2002,13,0.0,0.0,0.0,0.0,0.0
LaNeishea Caufield,2002,14,8.0,2.4,0.6,0.1,0.08836502083872223
Tamara Moore,2002,15,145.0,4.4,1.7,1.8,0.2730789993357248
Rosalind Ross,2002,16,0.0,0.0,0.0,0.0,0.0
Zuzi Klimesova,2002,17,12.0,0.6,0.4,0.2,0.04444604311329656
Lenae Williams,2002,18,27.0,2.7,0.7,0.1,0.09126769318660403
Lucienne Berthieu,2002,19,43.0,3.0,1.7,0.2,0.13240096790344516
Ayana Walker,2002,20,132.0,2.7,2.4,0.4,0.20007782018429224
Jill Chapman-Daily,2002,21,19.0,1.2,1.4,0.0,0.08325705200096534
Kathy Wambe,2002,22,0.0,0.0,0.0,0.0,0.0
Davalyn Cunningham,2002,23,6.0,0.0,0.3,0.0,0.028364325159657422
Brandi McCain,2002,24,31.0,2.7,0.8,1.3,0.1656335887864401
Tootie Shaw,2002,25,0.0,0.0,0.0,0.0,0.0
Linda Frohlich,2002,26,72.0,2.3,1.3,0.4,0.12648533042082252
Andrea Gardner,2002,27,52.0,2.2,2.1,0.2,0.13002221932560795
Felicia Ragland,2002,28,72.0,3.7,1.6,0.9,0.20074548157369243
Lindsey Yamasaki,2002,29,39.0,1.7,0.7,0.5,0.10343830835433736
Gergana Slavtcheva,2002,30,2.0,0.0,0.0,0.5,0.050423302888770435
Angie Welle,2002,31,0.0,0.0,0.0,0.0,0.0
Jackie Higgins,2002,32,0.0,0.0,0.0,0.0,0.0
LaNisha Cartwell,2002,33,0.0,0.0,0.0,0.0,0.0
Kelly Komara,2002,34,0.0,0.0,0.0,0.0,0.0
Takeisha Lewis,2002,35,14.0,1.3,1.7,0.2,0.08202107551123036
Teresa Geter,2002,36,0.0,0.0,0.0,0.0,0.0
Mandy Nightingale,2002,37,0.0,0.0,0.0,0.0,0.0
Lindsey Meder,2002,38,0.0,0.0,0.0,0.0,0.0
Saundra Jackson,2002,39,0.0,0.0,0.0,0.0,0.0
Kayte Christensen,2002,40,143.0,3.2,2.6,0.5,0.22743634521193049
Edniesha Curry,2002,41,33.0,1.7,0.7,1.1,0.131078538540528
Shondra Johnson,2002,42,0.0,0.0,0.0,0.0,0.0
Edmarie Lumbsley,2002,43,0.0,0.0,0.0,0.0,0.0
Alayne Ingram,2002,44,0.0,0.0,0.0,0.0,0.0
Jerica Watson,2002,45,0.0,0.0,0.0,0.0,0.0
Tracy Gahan,2002,46,0.0,0.0,0.0,0.0,0.0
Ericka Haney,2002,47,0.0,0.0,0.0,0.0,0.0
Rashana Barnes,2002,48,0.0,0.0,0.0,0.0,0.0
LaKeisha Taylor,2002,49,0.0,0.0,0.0,0.0,0.0
Melody Johnson,2002,50,0.0,0.0,0.0,0.0,0.0
Jermisha Dosty,2002,51,0.0,0.0,0.0,0.0,0.0
Jillian Danker,2002,52,0.0,0.0,0.0,0.0,0.0
Monique Cardenas,2002,53,0.0,0.0,0.0,0.0,0.0
Sharron Francis,2002,54,0.0,0.0,0.0,0.0,0.0
Tomeka Brown,2002,55,0.0,0.0,0.0,0.0,0.0
Amba Kongolo,2002,56,0.0,0.0,0.0,0.0,0.0
Jessie Stomski,2002,57,0.0,0.0,0.0,0.0,0.0
Cori Enghusen,2002,58,0.0,0.0,0.0,0.0,0.0
Jacklyn Winfield,2002,59,0.0,0.0,0.0,0.0,0.0
Elizabeth Pickney,2002,60,0.0,0.0,0.0,0.0,0.0
Jerkisha Dosty,2002,61,0.0,0.0,0.0,0.0,0.0
Deedee Warley,2002,62,0.0,0.0,0.0,0.0,0.0
Marche Strickland,2002,63,0.0,0.0,0.0,0.0,0.0
Tiffany Thompson,2002,64,0.0,0.0,0.0,0.0,0.0
Lauren Jackson,2001,1,317.0,18.9,7.7,1.4,0.6795223812922311
Kelly Miller,2001,2,364.0,7.1,2.8,2.6,0.4651162954770228
Tamika Catchings,2001,3,457.0,16.1,7.3,3.3,0.7467426843538767
Jackie Stiles,2001,4,53.0,11.4,1.8,1.4,0.3624878214681028
Ruth Riley,2001,5,387.0,6.3,4.1,1.2,0.4435082376206153
Deanna Nolan,2001,6,293.0,13.6,3.8,3.2,0.5899488061329886
Svetlana Abrosimova,2001,7,263.0,9.2,4.1,2.1,0.46812115029672985
Marie Ferdinand-Harris,2001,8,305.0,9.8,2.7,1.7,0.44782259827403986
Coco Miller,2001,9,352.0,5.8,2.1,1.4,0.3681263193396752
Katie Douglas,2001,10,412.0,13.5,3.8,2.6,0.6083580357784302
Penny Taylor,2001,11,355.0,13.0,4.4,3.0,0.5856644789035016
LaQuanda Barksdale,2001,12,48.0,3.4,1.6,0.4,0.1536131597896763
Kristen Veal,2001,13,52.0,3.6,1.7,3.2,0.29803088901085806
Kelly Schumacher,2001,14,222.0,4.9,3.1,0.5,0.29431068990160997
Amanda Lassiter,2001,15,190.0,4.8,2.7,1.4,0.3221497269736221
Camille Cooper,2001,16,27.0,2.0,1.0,0.1,0.08876448381381588
Semeka Randall,2001,17,123.0,5.8,2.5,1.0,0.28750833078752897
Tammy Sutton-Brown,2001,18,388.0,9.0,5.2,0.6,0.48913043374053294
Niele Ivey,2001,19,131.0,3.1,1.1,1.7,0.24766112575499152
Jenny Mowe,2001,20,11.0,0.6,0.5,0.0,0.04815059005814389
Georgia Schweitzer,2001,21,70.0,3.2,1.7,1.1,0.21014756692699935
Jae Kingi-Cross,2001,22,65.0,3.3,1.3,1.5,0.20529743322080168
Erin Perperoglou,2001,23,218.0,5.7,3.1,1.2,0.33701086494601634
Michaela Pavlickova,2001,24,18.0,0.4,0.6,0.1,0.04156131277097759
Tamara Stocks,2001,25,3.0,1.0,0.7,0.0,0.04649806220808903
Brooke Wyckoff,2001,26,242.0,3.1,3.1,1.3,0.32385400425064825
Jaynetta Saunders,2001,27,56.0,3.0,1.4,0.5,0.14965045752882383
Janell Burse,2001,28,233.0,6.8,4.1,0.5,0.3527931280920307
Ilona Korstine,2001,29,12.0,1.8,0.9,0.4,0.0886717194353372
Jackie Moore,2001,30,18.0,2.3,1.6,0.2,0.10850285256071657
Tynesha Lewis,2001,31,143.0,4.0,1.5,0.9,0.2221085067599171
Nicole Levandusky,2001,32,13.0,1.5,0.7,0.5,0.07866949473726777
ShaRae Mansfield,2001,33,0.0,0.0,0.0,0.0,0.0
Jennifer Phillips,2001,34,0.0,0.0,0.0,0.0,0.0
Marlena Williams,2001,35,0.0,0.0,0.0,0.0,0.0
Rasheeda Clark,2001,36,0.0,0.0,0.0,0.0,0.0
Levys Torres,2001,37,2.0,0.0,0.0,0.0,0.02374441021564146
Svetlana Volnaya,2001,38,0.0,0.0,0.0,0.0,0.0
Tombi Bell,2001,39,0.0,0.0,0.0,0.0,0.0
Shea Ralph,2001,40,0.0,0.0,0.0,0.0,0.0
Jamie Lewis,2001,41,0.0,0.0,0.0,0.0,0.0
Jaclyn Johnson,2001,42,17.0,2.1,1.4,0.5,0.11753691569949146
Angelina Wolvert,2001,43,1.0,2.0,1.0,0.0,0.06927586815308455
Elena Karpova,2001,44,0.0,0.0,0.0,0.0,0.0
Tere Williams,2001,45,0.0,0.0,0.0,0.0,0.0
Maren Walseth,2001,46,22.0,0.8,1.0,0.3,0.074361865331897
Shala Crawford,2001,47,0.0,0.0,0.0,0.0,0.0
Kelley Siemon,2001,48,0.0,0.0,0.0,0.0,0.0
Juana Brown,2001,49,0.0,0.0,0.0,0.0,0.0
Reshea Bristol,2001,50,1.0,0.0,2.0,0.0,0.06997959792085372
April Brown,2001,51,0.0,0.0,0.0,0.0,0.0
Natasha Pointer,2001,52,0.0,0.0,0.0,0.0,0.0
Carolyn Moos,2001,53,2.0,0.0,0.0,0.0,0.017980721454834543
Kelly Santos,2001,54,48.0,3.0,1.8,0.4,0.14971932361066528
Megan Taylor,2001,55,0.0,0.0,0.0,0.0,0.0
Cara Consuegra,2001,56,15.0,0.1,0.4,0.7,0.05455319489688678
Taru Tuukkanen,2001,57,0.0,0.0,0.0,0.0,0.0
Anne Thorius,2001,58,0.0,0.0,0.0,0.0,0.0
Erin Batth,2001,59,0.0,0.0,0.0,0.0,0.0
Tara Mitchem,2001,60,0.0,0.0,0.0,0.0,0.0
Megan Franza,2001,61,0.0,0.0,0.0,0.0,0.0
Katie Smrcka-Duffy,2001,62,0.0,0.0,0.0,0.0,0.0
Kristen Clement,2001,63,0.0,0.0,0.0,0.0,0.0
Beth Record,2001,64,0.0,0.0,0.0,0.0,0.0
Ann Wauters,2000,1,220.0,9.9,5.1,1.3,0.45520311708469163
Tausha Mills,2000,2,99.0,2.7,2.6,0.2,0.17058120790166048
Edwina Brown,2000,3,130.0,5.1,2.7,2.2,0.3286581610682632
Cintia dos Santos,2000,4,68.0,4.9,2.4,0.7,0.2387458221614466
Grace Daley,2000,5,71.0,3.7,1.5,1.2,0.1976524758584922
Betty Lennox,2000,6,320.0,12.1,4.1,2.0,0.5156229237559712
Lynn Pride,2000,7,112.0,3.8,3.0,1.0,0.26326386682883607
Tamicha Jackson,2000,8,151.0,6.8,1.7,2.6,0.344937726583501
Kamila Vodichkova,2000,9,202.0,8.8,5.1,1.4,0.4411890851396253
Maylana Martin,2000,10,61.0,3.7,2.5,0.7,0.21963375877303845
Summer Erb,2000,11,78.0,3.0,2.2,0.3,0.1669262201009337
Naomi Mulitauaopele,2000,12,22.0,4.5,1.5,0.3,0.16770502789752942
Olga Firsova,2000,13,9.0,1.3,0.4,0.1,0.03920864478338108
Katy Steding,2000,14,55.0,3.5,1.3,0.7,0.17496622545741666
Nicole Kubik,2000,15,7.0,1.1,0.6,1.0,0.088652185725907
Elena Shakirova,2000,16,41.0,2.3,1.6,0.3,0.1286860920910693
Helen Darling,2000,17,322.0,4.1,2.0,2.8,0.3912144202716455
Tonya Massaline,2000,18,98.0,2.6,1.2,0.4,0.15192765601448044
Jameka Jones,2000,19,21.0,3.3,1.0,0.5,0.13929031824305885
Jannon Roland,2000,20,21.0,1.6,0.8,0.4,0.09871491668044811
Adrian Williams-Strong,2000,21,242.0,5.7,4.7,0.7,0.36797559297268273
Marla Brumfield,2000,22,84.0,2.2,1.1,1.0,0.1708275624849779
Stacey Thomas,2000,23,145.0,3.0,2.4,1.6,0.26866374186471853
Keitha Dickerson,2000,24,36.0,3.9,3.9,1.7,0.30932194828732357
Charisse Sampson,2000,25,21.0,3.7,2.0,0.5,0.17631948348164755
Jurgita Streimikyte,2000,26,88.0,6.3,3.5,1.5,0.3280288984591876
Tiffany Travis,2000,27,32.0,5.4,2.5,0.8,0.2426693144261038
Madinah Slaise,2000,28,3.0,1.3,0.3,0.0,0.03322129766146744
Desiree Francis,2000,29,1.0,0.0,0.0,0.0,0.01187220510782073
Stacy Clinesmith,2000,30,54.0,1.9,0.7,1.5,0.14664788456103173
Paige Sauer,2000,31,15.0,1.5,1.3,0.2,0.08193676990187544
Andrea Garner,2000,32,32.0,3.1,3.0,0.8,0.22790782203226662
Monique Morehouse,2000,33,0.0,0.0,0.0,0.0,0.0
Jill Morton,2000,34,0.0,0.0,0.0,0.0,0.0
Stacy Frese,2000,35,21.0,3.0,0.9,0.8,0.1405029016024033
Shawnetta Stewart,2000,36,0.0,0.0,0.0,0.0,0.0
Tauja Catchings,2000,37,0.0,0.0,0.0,0.0,0.0
Phylesha Whaley,2000,38,0.0,0.0,0.0,0.0,0.0
Maxann Reese,2000,39,0.0,0.0,0.0,0.0,0.0
Milena Flores,2000,40,32.0,3.5,0.7,1.5,0.19056009477951244
Kirra Jordan,2000,41,0.0,0.0,0.0,0.0,0.0
Usha Gilmore,2000,42,4.0,0.5,1.3,0.5,0.07853509654790158
Peppi Browne,2000,43,0.0,0.0,0.0,0.0,0.0
Chavonne Hammond,2000,44,0.0,0.0,0.0,0.0,0.0
Jessica Bibby,2000,45,17.0,1.1,0.3,0.6,0.06463489846988094
Rhonda Banchero,2000,46,9.0,0.7,0.3,0.1,0.03240923615975077
Marte Alexander,2000,47,0.0,0.0,0.0,0.0,0.0
Latavia Coleman,2000,48,0.0,0.0,0.0,0.0,0.0
Sophie Von Saldern,2000,49,0.0,0.0,0.0,0.0,0.0
Latina Davis,2000,50,0.0,0.0,0.0,0.0,0.0
Kristen Rasmussen,2000,51,276.0,4.4,3.6,1.3,0.3649301632246224
Romana Hamzova,2000,52,15.0,0.5,0.2,0.3,0.03998576131779805
Shantia Owens,2000,53,33.0,4.0,3.0,0.6,0.236822727392566
Jana Lichnerova,2000,54,0.0,0.0,0.0,0.0,0.0
Rhonda Smith,2000,55,0.0,0.0,0.0,0.0,0.0
Shanele Stires,2000,56,48.0,1.9,1.0,0.5,0.11175280457914152
Katrina Hibbert,2000,57,20.0,2.7,1.5,0.9,0.16054677424618224
Renee Robinson,2000,58,2.0,2.0,0.0,0.0,0.034803310571968026
Shaka Massey,2000,59,0.0,0.0,0.0,0.0,0.0
Cal Bouchard,2000,60,0.0,0.0,0.0,0.0,0.0
Natalie Porter,2000,61,0.0,0.0,0.0,0.0,0.0
Jessica Zinobile,2000,62,0.0,0.0,0.0,0.0,0.0
Nicky McCrimmon,2000,63,125.0,2.3,0.8,1.7,0.20219312517902827
Abbie Willenborg,2000,64,0.0,0.0,0.0,0.0,0.0
Chamique Holdsclaw,1999,1,279.0,16.9,7.6,2.5,0.6831943364103611
Yolanda Griffith,1999,2,311.0,13.6,7.9,1.5,0.6139047986552991
Natalie Williams,1999,3,221.0,13.1,8.3,1.4,0.5963336539479693
DeLisha Milton-Jones,1999,4,499.0,11.2,5.2,1.8,0.6090759329397338
Jennifer Azzi,1999,5,141.0,9.1,2.6,4.5,0.5277007229223978
Crystal Robinson,1999,6,245.0,10.2,2.7,2.0,0.47417050258080334
Tonya Edwards,1999,7,125.0,9.0,2.3,1.7,0.36106306091045093
Tari Phillips,1999,8,232.0,9.2,5.5,0.9,0.44272286081914
Dawn Staley,1999,9,263.0,8.5,2.0,5.1,0.5571151633392374
Edna Campbell,1999,10,161.0,7.1,1.7,1.4,0.3253526708760166
Chasity Melvin,1999,11,393.0,9.7,5.4,1.3,0.5339958859064209
Natalia Zasulskaya,1999,12,0.0,0.0,0.0,0.0,0.0
Shalonda Enis,1999,13,106.0,7.7,4.2,0.8,0.3560880823108787
Kedra Holland-Corn,1999,14,223.0,8.7,2.1,1.9,0.4065595880154163
Debbie Black,1999,15,193.0,3.9,2.8,3.2,0.3905000273170799
Clarisse Machanguana,1999,16,118.0,4.1,2.6,0.5,0.2311408638871338
Val Whiting-Raymond,1999,17,63.0,4.8,4.7,1.1,0.3152693608497757
Michele Van Gorp,1999,18,132.0,3.2,2.1,0.4,0.1977287418269233
Trisha Fallon,1999,19,57.0,7.0,1.7,1.0,0.26716226609711935
Sheri Sam,1999,20,328.0,10.2,4.1,2.3,0.530078890128861
Stephanie White,1999,21,142.0,5.9,1.6,2.0,0.3110155420971564
Clarissa Davis-Wrightsil,1999,22,14.0,9.3,2.7,1.4,0.30060772728594026
Mery Andrade,1999,23,140.0,4.2,2.1,2.1,0.31084608524735724
Sonja Henning,1999,24,151.0,3.2,2.3,2.3,0.3414421789602437
Andrea Nagy,1999,25,102.0,3.2,1.8,3.5,0.3374486978172332
Kate Starbird,1999,26,112.0,3.3,1.1,0.8,0.1823777228814068
Adrienne Goodson,1999,27,221.0,12.2,5.1,2.0,0.5293913459613833
Ukari Figgs,1999,28,151.0,6.5,2.3,3.1,0.40511334498657214
Dominique Canty,1999,29,380.0,7.3,2.5,2.8,0.47715308829574665
Tamika Whitmore,1999,30,350.0,9.6,3.9,1.0,0.465799808762004
Andrea Lloyd-Curry,1999,31,46.0,6.3,3.9,2.5,0.3877473057646536
Taj McWilliams-Franklin,1999,32,440.0,11.4,6.8,2.0,0.6409425935099904
Charlotte Smith,1999,33,237.0,6.0,3.4,1.5,0.39170279373527483
Lisa Harrison,1999,34,187.0,6.0,3.6,1.2,0.3729103512435662
Tracy Henderson,1999,35,61.0,1.8,2.1,0.2,0.13725394516709233
Kara Wolters,1999,36,86.0,6.5,3.2,0.7,0.26666815635399266
Jennifer Whittle,1999,37,7.0,0.0,0.6,0.0,0.045782610370989296
Amy Herrig,1999,38,85.0,3.3,2.3,0.4,0.1923523883639441
Dalma Ivanyi,1999,39,106.0,2.1,1.5,1.8,0.2230907214050554
La'Keshia Frett,1999,40,201.0,4.0,1.9,0.8,0.2506996822922207
Astou Ndiaye-Diatta,1999,41,163.0,7.6,4.2,1.0,0.36468031058014166
Carolyn Young,1999,42,42.0,4.6,1.1,0.6,0.1644106986836363
Sonja Tate,1999,43,40.0,4.3,3.5,2.6,0.33951529605907027
Carla McGhee,1999,44,81.0,1.9,1.5,0.4,0.14068053329577157
Angie Braziel,1999,45,52.0,3.9,2.3,0.3,0.17751404740118698
Amanda Wilson,1999,46,15.0,0.9,0.5,0.2,0.04701879396659425
Kellie Jolly Harper,1999,47,1.0,0.0,0.0,1.0,0.053702612932464866
Jennifer Rizzotti,1999,48,148.0,3.1,1.4,1.8,0.2569122579695967
Angie Potthoff,1999,49,35.0,3.6,2.5,1.1,0.2500463069059483
Elaine Powell,1999,50,265.0,5.7,2.5,2.8,0.4084778849340681
Margo Dydek,1998,1,323.0,10.0,6.6,1.6,0.53371420963207
Ticha Penicheiro,1998,2,454.0,6.1,3.3,5.7,0.6192604808629567
Murriel Page,1998,3,354.0,6.1,4.5,1.2,0.4481200201255283
Korie Hlede,1998,4,133.0,8.9,2.8,2.1,0.38631449143125574
Allison Feaster,1998,5,284.0,8.0,2.4,1.4,0.3961064932237971
Cindy Blodgett,1998,6,65.0,2.5,0.5,0.4,0.1068336056744796
Tracy Reid,1998,7,116.0,7.5,3.4,1.0,0.3351962438738606
Maria Stepanova,1998,8,114.0,7.6,4.7,0.9,0.3422774221845786
Alicia Thompson,1998,9,143.0,5.3,2.5,0.7,0.25963858550746866
Polina Tzekova,1998,10,32.0,6.1,5.1,1.0,0.34557530476980797
Olympia Scott,1998,11,219.0,4.7,3.2,0.8,0.30359022696283666
Tangela Smith,1998,12,463.0,10.9,5.0,1.2,0.5639502285877266
Rita Williams,1998,13,186.0,6.4,2.0,2.2,0.35974715753339004
Rachael Sporn,1998,14,71.0,4.0,3.1,1.1,0.25328565412053716
Octavia Blue,1998,15,59.0,2.1,1.2,0.3,0.12591201773907867
Suzie McConnell Serio,1998,16,78.0,6.7,2.0,4.8,0.43422050359175046
Christy Smith,1998,17,28.0,3.6,1.3,2.6,0.24669524604761187
Andrea Kuklova,1998,18,34.0,2.9,1.1,0.9,0.14995963647941898
Nadine Domond,1998,19,9.0,3.0,1.0,1.0,0.14216091745073448
Nyree Roberts,1998,20,26.0,1.3,0.8,0.1,0.0711014142135222
LaTonya Johnson,1998,21,179.0,3.8,1.3,0.7,0.22759693768467065
Quacy Barnes,1998,22,70.0,4.2,1.8,0.7,0.20876665012892492
Angie Hamblin,1998,23,6.0,1.0,1.2,0.3,0.07316759332715948
Gergana Branzova,1998,24,26.0,2.7,1.6,0.3,0.12226724511274703
Rehema Stephens,1998,25,8.0,3.3,1.3,0.5,0.13516631984115407
Tanja Kostic,1998,26,10.0,1.2,0.7,0.6,0.09154250301025615
Pollyanna Johns Kimbrough,1998,27,134.0,3.2,2.5,0.5,0.2182574984769729
Brandy Reed,1998,28,87.0,13.5,4.9,2.0,0.46943231236284994
Albena Branzova,1998,29,11.0,2.1,1.5,0.5,0.11923787313702276
Amaya Valdemoro,1998,30,55.0,2.3,0.8,0.5,0.10710942521606766
Tricia Bader Binford,1998,31,100.0,1.4,0.5,0.8,0.12652640252617536
Adia Barnes,1998,32,132.0,3.8,2.6,0.9,0.2514740548274995
Angela Jackson,1998,33,7.0,1.4,0.6,0.0,0.05784660719102308
Sandy Brondello,1998,34,155.0,11.4,1.9,2.3,0.4448412140189656
Erika Keinast,1998,35,0.0,0.0,0.0,0.0,0.0
Tammye Jenkins,1998,36,0.0,0.0,0.0,0.0,0.0
Sonia Chase,1998,37,36.0,1.3,0.5,0.5,0.08631214197801837
Karen Wilkins,1998,38,0.0,0.0,0.0,0.0,0.0
Vanessa Nygaard,1998,39,107.0,4.6,2.3,0.5,0.23767879735526418
Monica Lamb,1998,40,46.0,4.3,3.8,0.3,0.2480385593027378
Tina Thompson,1997,1,496.0,15.1,6.2,1.6,0.6815619322449151
Pamela McGee,1997,2,57.0,8.6,4.6,0.6,0.3438211272692612
Jamila Wideman,1997,3,84.0,2.2,1.4,2.5,0.2506466318470691
Eva Nemcova,1997,4,111.0,11.7,3.5,1.9,0.4589200031145773
Tammi Reiss,1997,5,50.0,7.2,2.3,2.7,0.3679429427630049
Sue Wicks,1997,6,182.0,4.5,4.3,1.0,0.3335090771061299
Tora Suber,1997,7,83.0,4.0,1.3,1.8,0.23729006148094464
Toni Foster,1997,8,54.0,6.5,3.9,0.9,0.2955765357284359
Tia Jackson,1997,9,26.0,2.8,2.2,1.0,0.18264608538255986
Sharon Manning,1997,10,114.0,4.7,4.2,0.7,0.2905248794069225
Sophia Witherspoon,1997,11,207.0,10.7,2.2,1.5,0.4025972200738317
Jessie Hicks,1997,12,169.0,4.2,2.1,0.5,0.22509898892389205
Merlakia Jones,1997,13,251.0,9.4,3.7,1.4,0.4429183337306447
Tamecka Dixon,1997,14,360.0,9.7,2.9,2.7,0.5122913031943284
Denique Graves,1997,15,22.0,0.7,0.7,0.0,0.05124685907355091
Tammy Jackson,1997,16,143.0,2.8,2.8,0.4,0.2245467881351812
Racquel Spurlock,1997,17,0.0,0.0,0.0,0.0,0.0
Chantel Tremitiere,1997,18,101.0,4.3,2.2,3.1,0.345712468467824
Katrina Colleton,1997,19,104.0,4.9,1.7,1.4,0.28229351498669086
Tina Nicholson,1997,20,24.0,2.0,0.4,1.8,0.1563950672912783
Raegan Scott,1997,21,30.0,1.7,1.2,0.3,0.10102012239403815
Trena Trice,1997,22,38.0,4.1,2.3,0.1,0.166867191855196
Debra Williams,1997,23,10.0,2.7,1.3,0.9,0.1507113902267293
Umeki Webb,1997,24,71.0,4.8,3.5,2.5,0.36650997847758254
Monique Ambers,1997,25,21.0,0.7,1.0,0.2,0.06481419315578399
Andrea Congreaves,1997,26,84.0,6.0,3.6,1.3,0.32716692874470304
Kisha Ford,1997,27,124.0,3.5,1.8,0.7,0.21933805030779804
Kim Williams,1997,28,58.0,7.8,2.4,1.8,0.31449337448656023
Anita Maxwell,1997,29,9.0,2.1,1.3,0.9,0.1179422642915495
Travesa Gant,1997,30,2.0,0.0,1.5,0.0,0.06876587701561793
Tajama Abraham,1997,31,40.0,3.5,1.9,0.3,0.16357743986539713
Catarina Pollini,1997,32,13.0,1.7,0.9,0.4,0.09321864523139349
